Data,Temperatura
1/1/1981,38.1
1/2/1981,32.4
1/3/1981,34.5
1/4/1981,20.7
1/5/1981,21.5
1/6/1981,23.1
1/7/1981,29.7
1/8/1981,36.6
1/9/1981,36.1
1/10/1981,20.6
1/11/1981,20.4
1/12/1981,30.1
1/13/1981,38.7
1/14/1981,41.4
1/15/1981,37
1/16/1981,36
1/17/1981,37
1/18/1981,38
1/19/1981,23
1/20/1981,26.7
1/21/1981,27.5
1/22/1981,21.7
1/23/1981,22.9
1/24/1981,26.2
1/25/1981,36.5
1/26/1981,41.8
1/27/1981,21.5
1/28/1981,19.2
1/29/1981,25
1/30/1981,28.9
1/31/1981,23.2
2/1/1981,31.5
2/2/1981,36.2
2/3/1981,38.2
2/4/1981,26.4
2/5/1981,20.9
2/6/1981,21.5
2/7/1981,30.2
2/8/1981,33.4
2/9/1981,32.6
2/10/1981,22.2
2/11/1981,21.7
2/12/1981,30
2/13/1981,35.7
2/14/1981,32.8
2/15/1981,39.3
2/16/1981,25.5
2/17/1981,23
2/18/1981,19.9
2/19/1981,21.3
2/20/1981,20.8
2/21/1981,21.7
2/22/1981,23.8
2/23/1981,29
2/24/1981,23.7
2/25/1981,21.3
2/26/1981,28.5
2/27/1981,33.6
2/28/1981,34.6
3/1/1981,34.2
3/2/1981,27
3/3/1981,24.2
3/4/1981,19.9
3/5/1981,19.7
3/6/1981,21.5
3/7/1981,30.6
3/8/1981,30
3/9/1981,19
3/10/1981,19.6
3/11/1981,20.6
3/12/1981,23.6
3/13/1981,17.9
3/14/1981,17.3
3/15/1981,21.4
3/16/1981,24.1
3/17/1981,20.9
3/18/1981,30.1
3/19/1981,32.6
3/20/1981,21.3
3/21/1981,19.5
3/22/1981,19.9
3/23/1981,21
3/24/1981,25.4
3/25/1981,17.5
3/26/1981,20.4
3/27/1981,26.8
3/28/1981,25.8
3/29/1981,20.9
3/30/1981,19.4
3/31/1981,25.8
4/1/1981,26.3
4/2/1981,29.6
4/3/1981,30.3
4/4/1981,23.6
4/5/1981,28.4
4/6/1981,20.7
4/7/1981,24.1
4/8/1981,27.3
4/9/1981,23.2
4/10/1981,18.3
4/11/1981,24.6
4/12/1981,27.4
4/13/1981,20.4
4/14/1981,18.1
4/15/1981,25.2
4/16/1981,19.8
4/17/1981,21
4/18/1981,23.7
4/19/1981,19.6
4/20/1981,18.1
4/21/1981,20.8
4/22/1981,26
4/23/1981,18.4
4/24/1981,22
4/25/1981,14.4
4/26/1981,19.9
4/27/1981,22.6
4/28/1981,13.7
4/29/1981,15.9
4/30/1981,21.2
5/1/1981,23.7
5/2/1981,24
5/3/1981,17.2
5/4/1981,23.2
5/5/1981,25.2
5/6/1981,17.2
5/7/1981,16
5/8/1981,15.6
5/9/1981,13.4
5/10/1981,16
5/11/1981,16.8
5/12/1981,14.6
5/13/1981,19.4
5/14/1981,21
5/15/1981,19.5
5/16/1981,18.5
5/17/1981,13.3
5/18/1981,13.7
5/19/1981,14.3
5/20/1981,14.1
5/21/1981,11.4
5/22/1981,13.6
5/23/1981,16.6
5/24/1981,17.6
5/25/1981,14.6
5/26/1981,17.2
5/27/1981,14.4
5/28/1981,16.4
5/29/1981,17.3
5/30/1981,17.6
5/31/1981,17.2
6/1/1981,17.7
6/2/1981,14.2
6/3/1981,16.6
6/4/1981,15.7
6/5/1981,13.7
6/6/1981,14.7
6/7/1981,13.1
6/8/1981,12.9
6/9/1981,15.4
6/10/1981,11.9
6/11/1981,15.2
6/12/1981,15.3
6/13/1981,16.5
6/14/1981,16.1
6/15/1981,11.7
6/16/1981,11.2
6/17/1981,11.5
6/18/1981,10.8
6/19/1981,16.1
6/20/1981,14.8
6/21/1981,13.6
6/22/1981,13.8
6/23/1981,9.7
6/24/1981,10.7
6/25/1981,11
6/26/1981,15.3
6/27/1981,15.3
6/28/1981,17
6/29/1981,16
6/30/1981,16.3
7/1/1981,15.7
7/2/1981,14.5
7/3/1981,10.8
7/4/1981,10.5
7/5/1981,13.4
7/6/1981,12.2
7/7/1981,13.2
7/8/1981,13
7/9/1981,12.4
7/10/1981,13.1
7/11/1981,9.8
7/12/1981,10.5
7/13/1981,13.4
7/14/1981,11
7/15/1981,13.1
7/16/1981,15
7/17/1981,16.7
7/18/1981,16.1
7/19/1981,18.2
7/20/1981,15.7
7/21/1981,17.7
7/22/1981,15.9
7/23/1981,15.1
7/24/1981,15.2
7/25/1981,14.7
7/26/1981,13.3
7/27/1981,14.5
7/28/1981,11.1
7/29/1981,13.1
7/30/1981,13.7
7/31/1981,14.6
8/1/1981,12.9
8/2/1981,12.8
8/3/1981,15.2
8/4/1981,14.5
8/5/1981,17.2
8/6/1981,14.5
8/7/1981,14.4
8/8/1981,11
8/9/1981,13.1
8/10/1981,13.6
8/11/1981,14.6
8/12/1981,12.7
8/13/1981,13.6
8/14/1981,12.7
8/15/1981,15.5
8/16/1981,17.4
8/17/1981,15.2
8/18/1981,14.2
8/19/1981,17.7
8/20/1981,19.2
8/21/1981,12.5
8/22/1981,14.2
8/23/1981,15.3
8/24/1981,15.7
8/25/1981,17
8/26/1981,19
8/27/1981,13.1
8/28/1981,13.2
8/29/1981,13.2
8/30/1981,15.7
8/31/1981,14.1
9/1/1981,15.6
9/2/1981,15.5
9/3/1981,15.9
9/4/1981,15.1
9/5/1981,16
9/6/1981,19.4
9/7/1981,21.5
9/8/1981,23.7
9/9/1981,18.7
9/10/1981,23.8
9/11/1981,18
9/12/1981,16.2
9/13/1981,18.5
9/14/1981,20.6
9/15/1981,18.3
9/16/1981,22.5
9/17/1981,26.9
9/18/1981,19.4
9/19/1981,15.9
9/20/1981,20.5
9/21/1981,21.2
9/22/1981,19.5
9/23/1981,14.7
9/24/1981,17.6
9/25/1981,15.8
9/26/1981,17.7
9/27/1981,14.3
9/28/1981,16.8
9/29/1981,18.6
9/30/1981,21.9
10/1/1981,21.4
10/2/1981,20.8
10/3/1981,14
10/4/1981,17
10/5/1981,23
10/6/1981,26.4
10/7/1981,19.6
10/8/1981,22.7
10/9/1981,26.9
10/10/1981,14.7
10/11/1981,15.2
10/12/1981,19.8
10/13/1981,26.9
10/14/1981,20.2
10/15/1981,14.3
10/16/1981,14.8
10/17/1981,18.5
10/18/1981,21.7
10/19/1981,21.4
10/20/1981,21.8
10/21/1981,18.2
10/22/1981,15.8
10/23/1981,15.3
10/24/1981,18.5
10/25/1981,19.2
10/26/1981,28.5
10/27/1981,32.2
10/28/1981,21.8
10/29/1981,22.1
10/30/1981,20.7
10/31/1981,17
11/1/1981,24.7
11/2/1981,26.2
11/3/1981,29
11/4/1981,21.6
11/5/1981,17.1
11/6/1981,16.9
11/7/1981,19.1
11/8/1981,24.7
11/9/1981,25.4
11/10/1981,19.8
11/11/1981,18.2
11/12/1981,16.3
11/13/1981,17
11/14/1981,17.7
11/15/1981,15.5
11/16/1981,14.7
11/17/1981,15.8
11/18/1981,19.9
11/19/1981,20.4
11/20/1981,23.3
11/21/1981,20.2
11/22/1981,28.8
11/23/1981,31.2
11/24/1981,17.4
11/25/1981,18.5
11/26/1981,26.8
11/27/1981,34.3
11/28/1981,30.1
11/29/1981,20.5
11/30/1981,20.5
12/1/1981,19.8
12/2/1981,27
12/3/1981,21
12/4/1981,33
12/5/1981,22.6
12/6/1981,28.3
12/7/1981,21.1
12/8/1981,19
12/9/1981,17.3
12/10/1981,27
12/11/1981,30.2
12/12/1981,24.8
12/13/1981,17.9
12/14/1981,17.9
12/15/1981,20.7
12/16/1981,30.9
12/17/1981,36.2
12/18/1981,21
12/19/1981,20.2
12/20/1981,21.3
12/21/1981,24.2
12/22/1981,21
12/23/1981,20.7
12/24/1981,17.8
12/25/1981,19.6
12/26/1981,22.6
12/27/1981,20.5
12/28/1981,24.1
12/29/1981,22.2
12/30/1981,27
12/31/1981,33.6
1/1/1982,26.6
1/2/1982,20.6
1/3/1982,24.5
1/4/1982,19.8
1/5/1982,22.6
1/6/1982,29.2
1/7/1982,20.3
1/8/1982,23
1/9/1982,24.4
1/10/1982,38
1/11/1982,40.5
1/12/1982,24.2
1/13/1982,20.2
1/14/1982,21.8
1/15/1982,27
1/16/1982,35.2
1/17/1982,25.2
1/18/1982,32.7
1/19/1982,35.9
1/20/1982,38.9
1/21/1982,26.5
1/22/1982,21.8
1/23/1982,37.9
1/24/1982,43.3
1/25/1982,19
1/26/1982,19.7
1/27/1982,21.4
1/28/1982,32
1/29/1982,33.3
1/30/1982,22.2
1/31/1982,21.3
2/1/1982,20.8
2/2/1982,22.3
2/3/1982,22.5
2/4/1982,21.4
2/5/1982,23
2/6/1982,35.1
2/7/1982,40.3
2/8/1982,39
2/9/1982,21.1
2/10/1982,25.4
2/11/1982,23.6
2/12/1982,28.1
2/13/1982,37
2/14/1982,39.3
2/15/1982,39.4
2/16/1982,25.8
2/17/1982,27.7
2/18/1982,23
2/19/1982,24
2/20/1982,26.1
2/21/1982,21.8
2/22/1982,24.2
2/23/1982,22.3
2/24/1982,19.7
2/25/1982,20.8
2/26/1982,17.9
2/27/1982,20.1
2/28/1982,20.9
3/1/1982,21.2
3/2/1982,20.4
3/3/1982,29
3/4/1982,34.7
3/5/1982,34
3/6/1982,30.9
3/7/1982,29.6
3/8/1982,26.1
3/9/1982,18.5
3/10/1982,21.2
3/11/1982,22.4
3/12/1982,21.4
3/13/1982,30.5
3/14/1982,32
3/15/1982,32.7
3/16/1982,27.4
3/17/1982,18.9
3/18/1982,19.4
3/19/1982,22.2
3/20/1982,30.2
3/21/1982,31.8
3/22/1982,31.4
3/23/1982,18.5
3/24/1982,22.2
3/25/1982,27.5
3/26/1982,25.8
3/27/1982,25.2
3/28/1982,19.1
3/29/1982,19.6
3/30/1982,21.4
3/31/1982,20.7
4/1/1982,28.3
4/2/1982,23
4/3/1982,16.5
4/4/1982,18.8
4/5/1982,20
4/6/1982,20.6
4/7/1982,19.8
4/8/1982,20.3
4/9/1982,26.6
4/10/1982,21.5
4/11/1982,22.3
4/12/1982,26.5
4/13/1982,27.1
4/14/1982,30
4/15/1982,28.2
4/16/1982,17.3
4/17/1982,16.8
4/18/1982,17.5
4/19/1982,19.2
4/20/1982,20.3
4/21/1982,20.6
4/22/1982,23.7
4/23/1982,24.3
4/24/1982,26.4
4/25/1982,16
4/26/1982,14.5
4/27/1982,14.2
4/28/1982,16.5
4/29/1982,15.7
4/30/1982,16
5/1/1982,16.7
5/2/1982,19.8
5/3/1982,22.5
5/4/1982,22.9
5/5/1982,18.8
5/6/1982,15.7
5/7/1982,14.7
5/8/1982,15.3
5/9/1982,15.3
5/10/1982,18
5/11/1982,15.1
5/12/1982,15.1
5/13/1982,13.6
5/14/1982,15.3
5/15/1982,18
5/16/1982,18.6
5/17/1982,22
5/18/1982,22.1
5/19/1982,17.8
5/20/1982,15.2
5/21/1982,11.3
5/22/1982,13.5
5/23/1982,16.1
5/24/1982,16
5/25/1982,16.5
5/26/1982,16.7
5/27/1982,19.6
5/28/1982,19.5
5/29/1982,18
5/30/1982,18.4
5/31/1982,12.9
6/1/1982,14.9
6/2/1982,12.4
6/3/1982,11.9
6/4/1982,11.7
6/5/1982,12.9
6/6/1982,12.9
6/7/1982,12.4
6/8/1982,12.5
6/9/1982,15.7
6/10/1982,15.9
6/11/1982,14.3
6/12/1982,16.9
6/13/1982,14
6/14/1982,13.6
6/15/1982,13.7
6/16/1982,16
6/17/1982,13.1
6/18/1982,13.8
6/19/1982,13.4
6/20/1982,11.3
6/21/1982,10.6
6/22/1982,13.9
6/23/1982,12.7
6/24/1982,12.5
6/25/1982,11.3
6/26/1982,11.6
6/27/1982,14
6/28/1982,13.7
6/29/1982,15.2
6/30/1982,14
7/1/1982,11.4
7/2/1982,14.2
7/3/1982,15.2
7/4/1982,12.6
7/5/1982,10.2
7/6/1982,13.9
7/7/1982,13.7
7/8/1982,13.6
7/9/1982,13.2
7/10/1982,15.4
7/11/1982,12.9
7/12/1982,11.9
7/13/1982,13.3
7/14/1982,13.3
7/15/1982,10.5
7/16/1982,10
7/17/1982,11
7/18/1982,8.3
7/19/1982,10.7
7/20/1982,11.2
7/21/1982,11.7
7/22/1982,14.2
7/23/1982,14.5
7/24/1982,16
7/25/1982,16.7
7/26/1982,14.4
7/27/1982,17
7/28/1982,14.6
7/29/1982,11.6
7/30/1982,12.8
7/31/1982,14
8/1/1982,17.1
8/2/1982,15.4
8/3/1982,15.5
8/4/1982,15.1
8/5/1982,16.9
8/6/1982,14.2
8/7/1982,15.9
8/8/1982,18.2
8/9/1982,19.5
8/10/1982,19.5
8/11/1982,19.8
8/12/1982,15.6
8/13/1982,14.1
8/14/1982,17
8/15/1982,14.3
8/16/1982,13.1
8/17/1982,13.7
8/18/1982,18.2
8/19/1982,19.8
8/20/1982,22.3
8/21/1982,17.8
8/22/1982,15
8/23/1982,22.6
8/24/1982,23.7
8/25/1982,15.8
8/26/1982,15
8/27/1982,23.5
8/28/1982,25.7
8/29/1982,26.5
8/30/1982,15.1
8/31/1982,13.9
9/1/1982,20.5
9/2/1982,21.4
9/3/1982,14.9
9/4/1982,15
9/5/1982,18.9
9/6/1982,11.7
9/7/1982,15.5
9/8/1982,17.7
9/9/1982,11
9/10/1982,14.9
9/11/1982,13.1
9/12/1982,13.7
9/13/1982,15.4
9/14/1982,15.6
9/15/1982,23.9
9/16/1982,23.7
9/17/1982,24.3
9/18/1982,15.9
9/19/1982,13.5
9/20/1982,15.3
9/21/1982,19.3
9/22/1982,20.5
9/23/1982,22.5
9/24/1982,23.2
9/25/1982,16.3
9/26/1982,14.8
9/27/1982,13.7
9/28/1982,18.4
9/29/1982,12.3
9/30/1982,13.3
10/1/1982,16.2
10/2/1982,25.6
10/3/1982,24.1
10/4/1982,13.8
10/5/1982,15.9
10/6/1982,21.2
10/7/1982,21.7
10/8/1982,15.6
10/9/1982,13.5
10/10/1982,15
10/11/1982,21.2
10/12/1982,25.4
10/13/1982,19
10/14/1982,15
10/15/1982,16.4
10/16/1982,15.6
10/17/1982,13.7
10/18/1982,22
10/19/1982,17.4
10/20/1982,15.1
10/21/1982,14.6
10/22/1982,16.9
10/23/1982,15.9
10/24/1982,21.3
10/25/1982,29.7
10/26/1982,33
10/27/1982,22.7
10/28/1982,21.6
10/29/1982,30.3
10/30/1982,19
10/31/1982,14.6
11/1/1982,15.9
11/2/1982,20.4
11/3/1982,29.3
11/4/1982,33.7
11/5/1982,35.2
11/6/1982,38.1
11/7/1982,24.5
11/8/1982,26.3
11/9/1982,25
11/10/1982,17.9
11/11/1982,18.1
11/12/1982,23.3
11/13/1982,31.2
11/14/1982,32.8
11/15/1982,28
11/16/1982,19.7
11/17/1982,22.1
11/18/1982,16.3
11/19/1982,20.1
11/20/1982,21.7
11/21/1982,19.6
11/22/1982,30.8
11/23/1982,36.8
11/24/1982,38.1
11/25/1982,17.6
11/26/1982,21.2
11/27/1982,17.2
11/28/1982,20.7
11/29/1982,26.1
11/30/1982,34.5
12/1/1982,18.6
12/2/1982,20.1
12/3/1982,22.4
12/4/1982,19.1
12/5/1982,19.2
12/6/1982,28
12/7/1982,17.9
12/8/1982,18.1
12/9/1982,16
12/10/1982,18.5
12/11/1982,20.6
12/12/1982,33
12/13/1982,35.2
12/14/1982,24
12/15/1982,26
12/16/1982,28
12/17/1982,23
12/18/1982,19
12/19/1982,19.1
12/20/1982,18
12/21/1982,19.4
12/22/1982,32.5
12/23/1982,32.6
12/24/1982,18.1
12/25/1982,19.7
12/26/1982,28
12/27/1982,28
12/28/1982,23.8
12/29/1982,31.4
12/30/1982,22
12/31/1982,35.8
1/1/1983,23
1/2/1983,18.9
1/3/1983,25.4
1/4/1983,28
1/5/1983,19.2
1/6/1983,21.5
1/7/1983,28.8
1/8/1983,37.3
1/9/1983,24.6
1/10/1983,21.3
1/11/1983,17.9
1/12/1983,17.5
1/13/1983,18.7
1/14/1983,18.1
1/15/1983,19.7
1/16/1983,22.1
1/17/1983,19.6
1/18/1983,18
1/19/1983,19.9
1/20/1983,28.5
1/21/1983,23
1/22/1983,37
1/23/1983,19
1/24/1983,19.4
1/25/1983,35
1/26/1983,27.7
1/27/1983,23.9
1/28/1983,25.6
1/29/1983,27.7
1/30/1983,24.3
1/31/1983,38.6
2/1/1983,41.2
2/2/1983,22
2/3/1983,22.5
2/4/1983,22.3
2/5/1983,25.5
2/6/1983,36.6
2/7/1983,35.7
2/8/1983,43.2
2/9/1983,28
2/10/1983,25.5
2/11/1983,21.6
2/12/1983,21.8
2/13/1983,23.3
2/14/1983,34.3
2/15/1983,31.2
2/16/1983,43
2/17/1983,20.2
2/18/1983,20.3
2/19/1983,22.2
2/20/1983,24
2/21/1983,34.4
2/22/1983,32.9
2/23/1983,21.6
2/24/1983,26.5
2/25/1983,33.2
2/26/1983,38.6
2/27/1983,24.4
2/28/1983,28.3
3/1/1983,35.2
3/2/1983,28.7
3/3/1983,35.6
3/4/1983,37.2
3/5/1983,25.5
3/6/1983,31.5
3/7/1983,30.2
3/8/1983,29
3/9/1983,21.4
3/10/1983,28.5
3/11/1983,32.1
3/12/1983,23.5
3/13/1983,20
3/14/1983,21
3/15/1983,20
3/16/1983,21.8
3/17/1983,24.3
3/18/1983,30.9
3/19/1983,21.6
3/20/1983,22.2
3/21/1983,20.2
3/22/1983,20.5
3/23/1983,17.6
3/24/1983,18.6
3/25/1983,17.7
3/26/1983,18
3/27/1983,18.6
3/28/1983,18.6
3/29/1983,25.9
3/30/1983,19.8
3/31/1983,18.7
4/1/1983,17.9
4/2/1983,17.3
4/3/1983,18.1
4/4/1983,14.6
4/5/1983,14.1
4/6/1983,15.7
4/7/1983,16
4/8/1983,21.6
4/9/1983,21.4
4/10/1983,23.8
4/11/1983,21.7
4/12/1983,16.6
4/13/1983,16.7
4/14/1983,18.1
4/15/1983,14.5
4/16/1983,14.7
4/17/1983,16.4
4/18/1983,16.5
4/19/1983,22.7
4/20/1983,23.8
4/21/1983,24.6
4/22/1983,23.6
4/23/1983,19.8
4/24/1983,19.8
4/25/1983,18
4/26/1983,17.6
4/27/1983,19
4/28/1983,17.5
4/29/1983,17
4/30/1983,19.9
5/1/1983,18.5
5/2/1983,18.7
5/3/1983,17.8
5/4/1983,17
5/5/1983,17.6
5/6/1983,18.7
5/7/1983,17
5/8/1983,18.8
5/9/1983,17.5
5/10/1983,19.5
5/11/1983,16.6
5/12/1983,19.1
5/13/1983,21.2
5/14/1983,20.2
5/15/1983,17.9
5/16/1983,14.3
5/17/1983,16
5/18/1983,17.7
5/19/1983,18.6
5/20/1983,19.1
5/21/1983,13.7
5/22/1983,17.5
5/23/1983,16.1
5/24/1983,15.2
5/25/1983,17.3
5/26/1983,14.9
5/27/1983,18.4
5/28/1983,17.2
5/29/1983,12.2
5/30/1983,13.9
5/31/1983,14
6/1/1983,15.3
6/2/1983,15
6/3/1983,15.1
6/4/1983,16.6
6/5/1983,16.5
6/6/1983,16.1
6/7/1983,13.5
6/8/1983,13
6/9/1983,13.6
6/10/1983,11.8
6/11/1983,14.5
6/12/1983,14
6/13/1983,14.1
6/14/1983,13.5
6/15/1983,12.1
6/16/1983,11.9
6/17/1983,11.9
6/18/1983,14.2
6/19/1983,14
6/20/1983,17.9
6/21/1983,19.1
6/22/1983,15.1
6/23/1983,13.8
6/24/1983,13.7
6/25/1983,10
6/26/1983,10.3
6/27/1983,10.4
6/28/1983,12
6/29/1983,8.5
6/30/1983,14.4
7/1/1983,13.1
7/2/1983,14
7/3/1983,11.8
7/4/1983,13.9
7/5/1983,12.9
7/6/1983,11
7/7/1983,11.8
7/8/1983,10.7
7/9/1983,11.2
7/10/1983,10.3
7/11/1983,12.2
7/12/1983,12.4
7/13/1983,14.7
7/14/1983,15.1
7/15/1983,15
7/16/1983,14
7/17/1983,15.2
7/18/1983,14.2
7/19/1983,8.7
7/20/1983,11
7/21/1983,14.2
7/22/1983,15.2
7/23/1983,12.2
7/24/1983,13
7/25/1983,14.7
7/26/1983,17.2
7/27/1983,13.7
7/28/1983,14.8
7/29/1983,13.8
7/30/1983,13.7
7/31/1983,13.1
8/1/1983,12.7
8/2/1983,12.3
8/3/1983,12.4
8/4/1983,13
8/5/1983,13.5
8/6/1983,13.5
8/7/1983,14.7
8/8/1983,13.4
8/9/1983,15.9
8/10/1983,16
8/11/1983,15.3
8/12/1983,15.5
8/13/1983,18.2
8/14/1983,18.6
8/15/1983,18.5
8/16/1983,19.2
8/17/1983,14.2
8/18/1983,12.8
8/19/1983,13.1
8/20/1983,15.4
8/21/1983,17.3
8/22/1983,14.5
8/23/1983,19.5
8/24/1983,20.2
8/25/1983,16.3
8/26/1983,13
8/27/1983,13.3
8/28/1983,13.3
8/29/1983,19
8/30/1983,16.8
8/31/1983,19.2
9/1/1983,18.5
9/2/1983,19
9/3/1983,17.4
9/4/1983,15.3
9/5/1983,15.8
9/6/1983,18.7
9/7/1983,17.8
9/8/1983,16.5
9/9/1983,15.3
9/10/1983,13.2
9/11/1983,12
9/12/1983,14
9/13/1983,9.5
9/14/1983,13
9/15/1983,17.6
9/16/1983,19.6
9/17/1983,17.2
9/18/1983,17.3
9/19/1983,17
9/20/1983,16.3
9/21/1983,17.3
9/22/1983,20.3
9/23/1983,16.9
9/24/1983,13.5
9/25/1983,13.3
9/26/1983,20.7
9/27/1983,19.8
9/28/1983,20.8
9/29/1983,19.8
9/30/1983,19.5
10/1/1983,23.4
10/2/1983,14.2
10/3/1983,14.2
10/4/1983,16.6
10/5/1983,17
10/6/1983,15.6
10/7/1983,14.8
10/8/1983,17.2
10/9/1983,20.2
10/10/1983,16.7
10/11/1983,18.2
10/12/1983,18.1
10/13/1983,22.5
10/14/1983,23.4
10/15/1983,15.3
10/16/1983,13.7
10/17/1983,15.6
10/18/1983,18.9
10/19/1983,15.1
10/20/1983,16.6
10/21/1983,17.7
10/22/1983,23
10/23/1983,16.8
10/24/1983,21.3
10/25/1983,17.9
10/26/1983,23.6
10/27/1983,25.3
10/28/1983,14.5
10/29/1983,16.9
10/30/1983,16.3
10/31/1983,17.7
11/1/1983,18
11/2/1983,21.7
11/3/1983,22.3
11/4/1983,15.5
11/5/1983,16.7
11/6/1983,24.3
11/7/1983,23.5
11/8/1983,27.7
11/9/1983,18
11/10/1983,15.6
11/11/1983,19
11/12/1983,19.5
11/13/1983,20.1
11/14/1983,31.3
11/15/1983,15.6
11/16/1983,12.8
11/17/1983,13.8
11/18/1983,15.8
11/19/1983,16.4
11/20/1983,17.6
11/21/1983,28.2
11/22/1983,25.5
11/23/1983,22.7
11/24/1983,28
11/25/1983,17
11/26/1983,22.6
11/27/1983,24.5
11/28/1983,25.6
11/29/1983,27.5
11/30/1983,18.5
12/1/1983,18.2
12/2/1983,18.8
12/3/1983,17.8
12/4/1983,18.9
12/5/1983,24
12/6/1983,20.9
12/7/1983,16.8
12/8/1983,18.5
12/9/1983,20.6
12/10/1983,24.9
12/11/1983,28.1
12/12/1983,25.7
12/13/1983,19.2
12/14/1983,32.7
12/15/1983,21.3
12/16/1983,20.4
12/17/1983,20.5
12/18/1983,22.8
12/19/1983,35.3
12/20/1983,38.7
12/21/1983,21.4
12/22/1983,23.3
12/23/1983,22
12/24/1983,31.7
12/25/1983,23.4
12/26/1983,19.1
12/27/1983,19.5
12/28/1983,30
12/29/1983,32.4
12/30/1983,33.6
12/31/1983,30
1/1/1984,27.7
1/2/1984,28.1
1/3/1984,23.7
1/4/1984,20.6
1/5/1984,32.3
1/6/1984,31.2
1/7/1984,21.5
1/8/1984,23
1/9/1984,21.9
1/10/1984,23
1/11/1984,21.6
1/12/1984,27.2
1/13/1984,29.2
1/14/1984,32
1/15/1984,22.5
1/16/1984,23.9
1/17/1984,19.7
1/18/1984,19.5
1/19/1984,22
1/20/1984,22.1
1/21/1984,19.7
1/22/1984,19.4
1/23/1984,30.5
1/24/1984,28.5
1/25/1984,20.2
1/26/1984,19
1/27/1984,20.2
1/28/1984,22.6
1/29/1984,28.4
1/30/1984,18.6
1/31/1984,20.3
2/1/1984,19
2/2/1984,26.2
2/3/1984,30
2/4/1984,24.2
2/5/1984,23.4
2/6/1984,34.7
2/7/1984,20.4
2/8/1984,20.7
2/9/1984,20
2/10/1984,19.5
2/11/1984,31.6
2/12/1984,33.7
2/13/1984,23.5
2/14/1984,24.6
2/15/1984,33.9
2/16/1984,22.4
2/17/1984,24.3
2/18/1984,29.5
2/19/1984,31.7
2/20/1984,32.9
2/21/1984,20.5
2/22/1984,28.5
2/23/1984,27.3
2/24/1984,19.5
2/25/1984,21.4
2/26/1984,33.2
2/27/1984,35
2/28/1984,18.1
2/29/1984,17.2
3/1/1984,18.1
3/2/1984,19.5
3/3/1984,21.5
3/4/1984,29.2
3/5/1984,33.8
3/6/1984,20.8
3/7/1984,17.5
3/8/1984,21
3/9/1984,27.4
3/10/1984,21.2
3/11/1984,27.1
3/12/1984,22.8
3/13/1984,18.7
3/14/1984,19
3/15/1984,19.7
3/16/1984,28.7
3/17/1984,25.5
3/18/1984,18.4
3/19/1984,18.5
3/20/1984,23.6
3/21/1984,26.9
3/22/1984,28
3/23/1984,24.7
3/24/1984,21.5
3/25/1984,17.5
3/26/1984,16.1
3/27/1984,18.7
3/28/1984,24.5
3/29/1984,27.6
3/30/1984,17.4
3/31/1984,18.2
4/1/1984,19.7
4/2/1984,18.5
4/3/1984,17.7
4/4/1984,20.7
4/5/1984,21.2
4/6/1984,17.2
4/7/1984,21.5
4/8/1984,22
4/9/1984,23.2
4/10/1984,25.4
4/11/1984,24.6
4/12/1984,24.8
4/13/1984,25
4/14/1984,25
4/15/1984,18.2
4/16/1984,21.5
4/17/1984,16.2
4/18/1984,17.3
4/19/1984,15.5
4/20/1984,16.4
4/21/1984,19.6
4/22/1984,18.5
4/23/1984,16.5
4/24/1984,16
4/25/1984,17.7
4/26/1984,19.2
4/27/1984,16.8
4/28/1984,16.5
4/29/1984,22.5
4/30/1984,22.7
5/1/1984,23.5
5/2/1984,19
5/3/1984,15.5
5/4/1984,13.5
5/5/1984,14
5/6/1984,14.7
5/7/1984,15.6
5/8/1984,17
5/9/1984,18
5/10/1984,19.6
5/11/1984,17.1
5/12/1984,16.7
5/13/1984,16.9
5/14/1984,18.2
5/15/1984,19.4
5/16/1984,22
5/17/1984,21.7
5/18/1984,22
5/19/1984,22.2
5/20/1984,20
5/21/1984,16.5
5/22/1984,15.6
5/23/1984,15
5/24/1984,16.6
5/25/1984,18.7
5/26/1984,18.7
5/27/1984,18.1
5/28/1984,15.6
5/29/1984,20.1
5/30/1984,20.3
5/31/1984,15.2
6/1/1984,17.1
6/2/1984,16.3
6/3/1984,18.3
6/4/1984,18.3
6/5/1984,19
6/6/1984,20
6/7/1984,15.7
6/8/1984,14.9
6/9/1984,13.1
6/10/1984,13.6
6/11/1984,13.8
6/12/1984,15
6/13/1984,16.9
6/14/1984,18.3
6/15/1984,16.4
6/16/1984,14
6/17/1984,12.5
6/18/1984,12.8
6/19/1984,12.2
6/20/1984,14.2
6/21/1984,14.2
6/22/1984,15.5
6/23/1984,15.1
6/24/1984,14.4
6/25/1984,12.9
6/26/1984,10.8
6/27/1984,11.7
6/28/1984,13.3
6/29/1984,12.4
6/30/1984,13.4
7/1/1984,10.6
7/2/1984,7
7/3/1984,12.6
7/4/1984,13.2
7/5/1984,12.1
7/6/1984,10.3
7/7/1984,15.7
7/8/1984,11.7
7/9/1984,15.1
7/10/1984,15.8
7/11/1984,15
7/12/1984,11.6
7/13/1984,11.4
7/14/1984,10
7/15/1984,14.7
7/16/1984,13.6
7/17/1984,13.2
7/18/1984,11
7/19/1984,13
7/20/1984,12
7/21/1984,10.6
7/22/1984,13.3
7/23/1984,14.5
7/24/1984,13.5
7/25/1984,15.9
7/26/1984,12.8
7/27/1984,11.7
7/28/1984,13
7/29/1984,14
7/30/1984,16
7/31/1984,17
8/1/1984,16.3
8/2/1984,17.6
8/3/1984,19.5
8/4/1984,14
8/5/1984,17.5
8/6/1984,19.2
8/7/1984,18.5
8/8/1984,15.1
8/9/1984,15.4
8/10/1984,13.3
8/11/1984,13.1
8/12/1984,12.8
8/13/1984,12
8/14/1984,13.3
8/15/1984,12.9
8/16/1984,15.4
8/17/1984,13.4
8/18/1984,15.1
8/19/1984,14.7
8/20/1984,14.9
8/21/1984,16.8
8/22/1984,15.8
8/23/1984,17
8/24/1984,14.1
8/25/1984,16.5
8/26/1984,12.4
8/27/1984,12.7
8/28/1984,14.6
8/29/1984,17.6
8/30/1984,19.6
8/31/1984,17.3
9/1/1984,17.9
9/2/1984,17.8
9/3/1984,13
9/4/1984,13.2
9/5/1984,17.1
9/6/1984,19.6
9/7/1984,16.3
9/8/1984,16.9
9/9/1984,22.2
9/10/1984,12
9/11/1984,14.2
9/12/1984,16.8
9/13/1984,16.9
9/14/1984,22
9/15/1984,16.4
9/16/1984,14.2
9/17/1984,11.8
9/18/1984,15.2
9/19/1984,12.6
9/20/1984,13.2
9/21/1984,14.4
9/22/1984,15
9/23/1984,16.5
9/24/1984,13.3
9/25/1984,14.5
9/26/1984,16.7
9/27/1984,13.8
9/28/1984,12.4
9/29/1984,13.7
9/30/1984,19.9
10/1/1984,24
10/2/1984,18.7
10/3/1984,18.9
10/4/1984,20.2
10/5/1984,19.9
10/6/1984,24
10/7/1984,27.3
10/8/1984,24.2
10/9/1984,18
10/10/1984,21.3
10/11/1984,26.6
10/12/1984,18.5
10/13/1984,18.2
10/14/1984,21
10/15/1984,12
10/16/1984,12.2
10/17/1984,14.1
10/18/1984,16.5
10/19/1984,15.5
10/20/1984,15
10/21/1984,20.8
10/22/1984,27.3
10/23/1984,28.4
10/24/1984,18.9
10/25/1984,18.2
10/26/1984,25.5
10/27/1984,15.9
10/28/1984,15.5
10/29/1984,21.4
10/30/1984,23.2
10/31/1984,26.8
11/1/1984,23.9
11/2/1984,19.1
11/3/1984,15.2
11/4/1984,14.9
11/5/1984,21.3
11/6/1984,25.4
11/7/1984,28.7
11/8/1984,32.3
11/9/1984,25.7
11/10/1984,19
11/11/1984,19.4
11/12/1984,15
11/13/1984,16.5
11/14/1984,16.3
11/15/1984,28.9
11/16/1984,27.4
11/17/1984,32.9
11/18/1984,27
11/19/1984,23.7
11/20/1984,22.8
11/21/1984,16.5
11/22/1984,14
11/23/1984,18
11/24/1984,28.2
11/25/1984,32.8
11/26/1984,28
11/27/1984,22.2
11/28/1984,21.8
11/29/1984,18.7
11/30/1984,25.5
12/1/1984,27.6
12/2/1984,16.5
12/3/1984,15.9
12/4/1984,16.8
12/5/1984,17.9
12/6/1984,23.1
12/7/1984,22.8
12/8/1984,24.2
12/9/1984,27.7
12/10/1984,21.3
12/11/1984,23.5
12/12/1984,17.9
12/13/1984,24.2
12/14/1984,20
12/15/1984,23.7
12/16/1984,27
12/17/1984,24.6
12/18/1984,25
12/19/1984,20
12/20/1984,22.7
12/21/1984,22.6
12/22/1984,29.2
12/23/1984,27.8
12/24/1984,26.5
12/25/1984,18.9
12/26/1984,23.2
12/27/1984,24.2
12/28/1984,28.1
12/29/1984,30.3
12/30/1984,25.6
1/1/1985,20.7
1/2/1985,19.6
1/3/1985,21.7
1/4/1985,28
1/5/1985,21.3
1/6/1985,21.4
1/7/1985,21.4
1/8/1985,22.6
1/9/1985,21.7
1/10/1985,21.8
1/11/1985,19.8
1/12/1985,30.4
1/13/1985,36
1/14/1985,42.2
1/15/1985,21.1
1/16/1985,20
1/17/1985,18.4
1/18/1985,19.1
1/19/1985,19.3
1/20/1985,18.8
1/21/1985,22.8
1/22/1985,20
1/23/1985,21.9
1/24/1985,20.1
1/25/1985,23.2
1/26/1985,34.5
1/27/1985,22.1
1/28/1985,21.6
1/29/1985,30
1/30/1985,34
1/31/1985,22.2
2/1/1985,19.6
2/2/1985,25.4
2/3/1985,37.1
2/4/1985,30.2
2/5/1985,29.1
2/6/1985,21.1
2/7/1985,19.1
2/8/1985,22.2
2/9/1985,24.4
2/10/1985,20.3
2/11/1985,28
2/12/1985,32.2
2/13/1985,23.4
2/14/1985,21.4
2/15/1985,33.5
2/16/1985,18.6
2/17/1985,19.2
2/18/1985,21.1
2/19/1985,29.5
2/20/1985,25.7
2/21/1985,32.4
2/22/1985,28.5
2/23/1985,20.6
2/24/1985,25.2
2/25/1985,20.8
2/26/1985,17.5
2/27/1985,20.1
2/28/1985,22.4
3/1/1985,24
3/2/1985,21
3/3/1985,26.8
3/4/1985,17.7
3/5/1985,19.2
3/6/1985,19.1
3/7/1985,26.4
3/8/1985,29.7
3/9/1985,30.2
3/10/1985,33
3/11/1985,33.3
3/12/1985,33
3/13/1985,36.1
3/14/1985,34
3/15/1985,34.7
3/16/1985,20.4
3/17/1985,19.4
3/18/1985,21.3
3/19/1985,26.8
3/20/1985,28.5
3/21/1985,25.6
3/22/1985,28.6
3/23/1985,32.5
3/24/1985,18.7
3/25/1985,23.2
3/26/1985,23.7
3/27/1985,27.2
3/28/1985,23.5
3/29/1985,19
3/30/1985,22.6
3/31/1985,30.1
4/1/1985,23.3
4/2/1985,19.7
4/3/1985,22.3
4/4/1985,21.6
4/5/1985,23.5
4/6/1985,22.6
4/7/1985,24
4/8/1985,22.9
4/9/1985,22.4
4/10/1985,28.8
4/11/1985,30
4/12/1985,32.4
4/13/1985,33.8
4/14/1985,26.8
4/15/1985,18.6
4/16/1985,17
4/17/1985,15.3
4/18/1985,15.3
4/19/1985,16.8
4/20/1985,16
4/21/1985,16.6
4/22/1985,17.2
4/23/1985,21.5
4/24/1985,19.7
4/25/1985,19.8
4/26/1985,21.2
4/27/1985,23.7
4/28/1985,23.9
4/29/1985,25.6
4/30/1985,24.7
5/1/1985,20.2
5/2/1985,23.5
5/3/1985,22.2
5/4/1985,24.5
5/5/1985,25.5
5/6/1985,18.8
5/7/1985,18
5/8/1985,14.9
5/9/1985,18.3
5/10/1985,19.2
5/11/1985,18.9
5/12/1985,19.2
5/13/1985,21.5
5/14/1985,18
5/15/1985,13.1
5/16/1985,14.9
5/17/1985,15.2
5/18/1985,13.5
5/19/1985,15.2
5/20/1985,14.2
5/21/1985,14.6
5/22/1985,16
5/23/1985,15.1
5/24/1985,15.6
5/25/1985,17.5
5/26/1985,18.8
5/27/1985,20.4
5/28/1985,20.3
5/29/1985,19.1
5/30/1985,14.9
5/31/1985,14.6
6/1/1985,13.7
6/2/1985,13
6/3/1985,13.4
6/4/1985,12.7
6/5/1985,14.2
6/6/1985,13.7
6/7/1985,12.7
6/8/1985,14.1
6/9/1985,12.8
6/10/1985,17.1
6/11/1985,14
6/12/1985,14.5
6/13/1985,15.7
6/14/1985,14.1
6/15/1985,13.7
6/16/1985,13.3
6/17/1985,13.4
6/18/1985,11.9
6/19/1985,13.6
6/20/1985,13.3
6/21/1985,12.2
6/22/1985,10.8
6/23/1985,13
6/24/1985,14.1
6/25/1985,14.4
6/26/1985,13.3
6/27/1985,15.7
6/28/1985,15.6
6/29/1985,19.3
6/30/1985,16.3
7/1/1985,19.4
7/2/1985,17.7
7/3/1985,16.9
7/4/1985,14.4
7/5/1985,14.3
7/6/1985,13
7/7/1985,12.3
7/8/1985,12.8
7/9/1985,12.7
7/10/1985,10.8
7/11/1985,14.6
7/12/1985,13.3
7/13/1985,12.7
7/14/1985,12.9
7/15/1985,15.7
7/16/1985,11.4
7/17/1985,12
7/18/1985,12.2
7/19/1985,11.8
7/20/1985,13.1
7/21/1985,15.5
7/22/1985,11.3
7/23/1985,12
7/24/1985,12.8
7/25/1985,11.6
7/26/1985,12.4
7/27/1985,12.6
7/28/1985,17.4
7/29/1985,13.4
7/30/1985,11.3
7/31/1985,12.1
8/1/1985,12.7
8/2/1985,12.5
8/3/1985,13.2
8/4/1985,17.1
8/5/1985,15.9
8/6/1985,15
8/7/1985,13.2
8/8/1985,12.6
8/9/1985,11.8
8/10/1985,12
8/11/1985,14
8/12/1985,13.7
8/13/1985,16.1
8/14/1985,19.8
8/15/1985,15.7
8/16/1985,13.2
8/17/1985,13.6
8/18/1985,13.5
8/19/1985,11.7
8/20/1985,11.4
8/21/1985,15.4
8/22/1985,17.4
8/23/1985,15.3
8/24/1985,16.7
8/25/1985,16.5
8/26/1985,15.3
8/27/1985,18.8
8/28/1985,15.3
8/29/1985,15.6
8/30/1985,18.7
8/31/1985,17.4
9/1/1985,12.6
9/2/1985,12.9
9/3/1985,13.5
9/4/1985,13.6
9/5/1985,13.7
9/6/1985,15.1
9/7/1985,14.3
9/8/1985,21.3
9/9/1985,21.5
9/10/1985,23.2
9/11/1985,15.3
9/12/1985,19.1
9/13/1985,15.3
9/14/1985,14.8
9/15/1985,15.6
9/16/1985,14.6
9/17/1985,14.7
9/18/1985,13.7
9/19/1985,13.6
9/20/1985,13.5
9/21/1985,14.6
9/22/1985,15.6
9/23/1985,20.7
9/24/1985,25.1
9/25/1985,19.7
9/26/1985,12.5
9/27/1985,14.1
9/28/1985,13.3
9/29/1985,14.7
9/30/1985,20.5
10/1/1985,21.8
10/2/1985,16.2
10/3/1985,25.8
10/4/1985,26.6
10/5/1985,19.4
10/6/1985,21.1
10/7/1985,20.2
10/8/1985,20.9
10/9/1985,18.1
10/10/1985,26.3
10/11/1985,19.2
10/12/1985,16.1
10/13/1985,17.9
10/14/1985,21.1
10/15/1985,25.7
10/16/1985,23.7
10/17/1985,19.7
10/18/1985,16.8
10/19/1985,14.3
10/20/1985,14.2
10/21/1985,20.5
10/22/1985,22.2
10/23/1985,15.4
10/24/1985,17.2
10/25/1985,18
10/26/1985,20.5
10/27/1985,23.8
10/28/1985,24.1
10/29/1985,25.8
10/30/1985,19.4
10/31/1985,18.3
11/1/1985,22.3
11/2/1985,17.4
11/3/1985,20.2
11/4/1985,27.5
11/5/1985,23.9
11/6/1985,22.8
11/7/1985,22.7
11/8/1985,21.5
11/9/1985,21.9
11/10/1985,30.3
11/11/1985,17.7
11/12/1985,26.8
11/13/1985,28.3
11/14/1985,24.2
11/15/1985,18.2
11/16/1985,21.8
11/17/1985,17.8
11/18/1985,16.1
11/19/1985,18.7
11/20/1985,17.1
11/21/1985,15.7
11/22/1985,20.8
11/23/1985,26.2
11/24/1985,26.2
11/25/1985,21.3
11/26/1985,20.5
11/27/1985,20.7
11/28/1985,19.9
11/29/1985,19.1
11/30/1985,21.7
12/1/1985,25.6
12/2/1985,23.4
12/3/1985,26.6
12/4/1985,23.5
12/5/1985,25
12/6/1985,25.8
12/7/1985,28.1
12/8/1985,27.8
12/9/1985,23.2
12/10/1985,21
12/11/1985,21.1
12/12/1985,18.3
12/13/1985,19.6
12/14/1985,22.2
12/15/1985,30.6
12/16/1985,23.1
12/17/1985,18.4
12/18/1985,22.4
12/19/1985,30.9
12/20/1985,25.2
12/21/1985,21.4
12/22/1985,20.4
12/23/1985,18.7
12/24/1985,22
12/25/1985,26.6
12/26/1985,20.4
12/27/1985,18.5
12/28/1985,22.5
12/29/1985,32.7
12/30/1985,27.8
12/31/1985,19
1/1/1986,21
1/2/1986,18.5
1/3/1986,22.2
1/4/1986,23.3
1/5/1986,19.8
1/6/1986,24.7
1/7/1986,32.4
1/8/1986,20
1/9/1986,18.2
1/10/1986,20.4
1/11/1986,25.5
1/12/1986,24.4
1/13/1986,21.5
1/14/1986,32.4
1/15/1986,27.2
1/16/1986,19.1
1/17/1986,19.7
1/18/1986,21.3
1/19/1986,20.3
1/20/1986,21
1/21/1986,22.6
1/22/1986,21.5
1/23/1986,24.2
1/24/1986,25
1/25/1986,20.6
1/26/1986,19.6
1/27/1986,20
1/28/1986,29.5
1/29/1986,35.5
1/30/1986,21.1
1/31/1986,23.7
2/1/1986,33.7
2/2/1986,21.8
2/3/1986,21.2
2/4/1986,23.7
2/5/1986,26.4
2/6/1986,21.8
2/7/1986,31.1
2/8/1986,38.3
2/9/1986,22.7
2/10/1986,21.5
2/11/1986,20.8
2/12/1986,30
2/13/1986,34.5
2/14/1986,36.5
2/15/1986,28.9
2/16/1986,27.2
2/17/1986,25.5
2/18/1986,22.3
2/19/1986,21.8
2/20/1986,22.4
2/21/1986,19.7
2/22/1986,19.4
2/23/1986,18.5
2/24/1986,24
2/25/1986,25.8
2/26/1986,25.5
2/27/1986,26.6
2/28/1986,34.5
3/1/1986,21.1
3/2/1986,20.4
3/3/1986,24.9
3/4/1986,21.9
3/5/1986,25.5
3/6/1986,38
3/7/1986,36.4
3/8/1986,19
3/9/1986,18.4
3/10/1986,17.7
3/11/1986,21.3
3/12/1986,25.7
3/13/1986,30.5
3/14/1986,32.6
3/15/1986,23
3/16/1986,20.5
3/17/1986,21.8
3/18/1986,26.4
3/19/1986,25.8
3/20/1986,36.7
3/21/1986,27.2
3/22/1986,27.7
3/23/1986,20.4
3/24/1986,18.8
3/25/1986,22.6
3/26/1986,32.7
3/27/1986,22.8
3/28/1986,24.4
3/29/1986,32.6
3/30/1986,29.1
3/31/1986,18.3
4/1/1986,19.6
4/2/1986,28.6
4/3/1986,26.8
4/4/1986,30.7
4/5/1986,16.8
4/6/1986,16.1
4/7/1986,18.2
4/8/1986,19.3
4/9/1986,19.8
4/10/1986,26.8
4/11/1986,17.5
4/12/1986,18.2
4/13/1986,24.9
4/14/1986,27.3
4/15/1986,24.8
4/16/1986,18
4/17/1986,16.8
4/18/1986,14.6
4/19/1986,18.7
4/20/1986,18.8
4/21/1986,19.5
4/22/1986,21.1
4/23/1986,20
4/24/1986,18.5
4/25/1986,17
4/26/1986,16.2
4/27/1986,16.7
4/28/1986,14.9
4/29/1986,15.5
4/30/1986,15.3
5/1/1986,15.7
5/2/1986,17.3
5/3/1986,17.1
5/4/1986,16.2
5/5/1986,15.4
5/6/1986,15
5/7/1986,19
5/8/1986,19.7
5/9/1986,19.7
5/10/1986,15.1
5/11/1986,16.4
5/12/1986,21.7
5/13/1986,19.5
5/14/1986,17.2
5/15/1986,16.4
5/16/1986,18
5/17/1986,19.5
5/18/1986,16.2
5/19/1986,16
5/20/1986,14.4
5/21/1986,15.4
5/22/1986,18.2
5/23/1986,13.8
5/24/1986,16.1
5/25/1986,13.7
5/26/1986,16.8
5/27/1986,15.9
5/28/1986,16.7
5/29/1986,14.6
5/30/1986,15.2
5/31/1986,14
6/1/1986,14.1
6/2/1986,16
6/3/1986,16.7
6/4/1986,15.2
6/5/1986,13.3
6/6/1986,14
6/7/1986,15.9
6/8/1986,14.5
6/9/1986,14.2
6/10/1986,13
6/11/1986,13.7
6/12/1986,14.7
6/13/1986,14.6
6/14/1986,13.9
6/15/1986,14.2
6/16/1986,16.8
6/17/1986,14.7
6/18/1986,12.1
6/19/1986,10.2
6/20/1986,10.8
6/21/1986,11.9
6/22/1986,11.8
6/23/1986,12
6/24/1986,12.7
6/25/1986,13.6
6/26/1986,13
6/27/1986,13.1
6/28/1986,11.1
6/29/1986,12.8
6/30/1986,13.3
7/1/1986,11.7
7/2/1986,14.3
7/3/1986,15.4
7/4/1986,14.2
7/5/1986,13
7/6/1986,13.1
7/7/1986,12.4
7/8/1986,11.2
7/9/1986,9.2
7/10/1986,12.4
7/11/1986,12.7
7/12/1986,13.7
7/13/1986,12.7
7/14/1986,15
7/15/1986,16.4
7/16/1986,14
7/17/1986,13.2
7/18/1986,13.6
7/19/1986,15.4
7/20/1986,13.8
7/21/1986,15
7/22/1986,14.5
7/23/1986,14.8
7/24/1986,14
7/25/1986,8.2
7/26/1986,10
7/27/1986,11.2
7/28/1986,13.3
7/29/1986,13.7
7/30/1986,15
7/31/1986,12.5
8/1/1986,15.3
8/2/1986,16.4
8/3/1986,17.6
8/4/1986,15
8/5/1986,14.8
8/6/1986,13.8
8/7/1986,14.8
8/8/1986,16.6
8/9/1986,17.3
8/10/1986,12.2
8/11/1986,12.1
8/12/1986,13.9
8/13/1986,16.8
8/14/1986,16.8
8/15/1986,14.5
8/16/1986,15.1
8/17/1986,13.8
8/18/1986,13
8/19/1986,14.5
8/20/1986,18
8/21/1986,20.2
8/22/1986,21
8/23/1986,16.5
8/24/1986,12.2
8/25/1986,15
8/26/1986,15.7
8/27/1986,17.7
8/28/1986,18.9
8/29/1986,14.9
8/30/1986,11.4
8/31/1986,15.4
9/1/1986,15.2
9/2/1986,17.6
9/3/1986,17.2
9/4/1986,21.6
9/5/1986,18.7
9/6/1986,13.9
9/7/1986,13.3
9/8/1986,14.6
9/9/1986,16.5
9/10/1986,17.7
9/11/1986,13.6
9/12/1986,15.2
9/13/1986,15.5
9/14/1986,16.5
9/15/1986,18.8
9/16/1986,13.6
9/17/1986,14
9/18/1986,13.8
9/19/1986,16
9/20/1986,19.3
9/21/1986,16.9
9/22/1986,14.3
9/23/1986,16.7
9/24/1986,21.3
9/25/1986,19.4
9/26/1986,18.7
9/27/1986,14.7
9/28/1986,16.2
9/29/1986,15.5
9/30/1986,23.4
10/1/1986,22
10/2/1986,16.7
10/3/1986,14.4
10/4/1986,16.4
10/5/1986,19.6
10/6/1986,18.3
10/7/1986,14.4
10/8/1986,14.8
10/9/1986,17.1
10/10/1986,15.2
10/11/1986,19.5
10/12/1986,21.1
10/13/1986,21.7
10/14/1986,14.6
10/15/1986,18.2
10/16/1986,17.8
10/17/1986,23.5
10/18/1986,20.8
10/19/1986,15.7
10/20/1986,16.1
10/21/1986,21
10/22/1986,15
10/23/1986,16
10/24/1986,16
10/25/1986,14.8
10/26/1986,14.6
10/27/1986,16.1
10/28/1986,21.6
10/29/1986,23.8
10/30/1986,27
10/31/1986,20.7
11/1/1986,19.7
11/2/1986,20
11/3/1986,28.8
11/4/1986,30
11/5/1986,33.1
11/6/1986,18.9
11/7/1986,16.3
11/8/1986,19
11/9/1986,18.3
11/10/1986,21.2
11/11/1986,16.5
11/12/1986,16.7
11/13/1986,19.5
11/14/1986,29.1
11/15/1986,19.7
11/16/1986,22.6
11/17/1986,20.7
11/18/1986,14
11/19/1986,15.5
11/20/1986,14.8
11/21/1986,19.2
11/22/1986,27.4
11/23/1986,18.5
11/24/1986,18.5
11/25/1986,31.5
11/26/1986,16.7
11/27/1986,15.7
11/28/1986,16.7
11/29/1986,22
11/30/1986,25.7
12/1/1986,29.2
12/2/1986,27.7
12/3/1986,29.4
12/4/1986,19.9
12/5/1986,27.8
12/6/1986,31.2
12/7/1986,22.8
12/8/1986,17.6
12/9/1986,19.4
12/10/1986,27.5
12/11/1986,18.4
12/12/1986,17.3
12/13/1986,17.5
12/14/1986,17.3
12/15/1986,21.9
12/16/1986,21.1
12/17/1986,17.9
12/18/1986,19.6
12/19/1986,23.6
12/20/1986,18.2
12/21/1986,20
12/22/1986,17.5
12/23/1986,18.9
12/24/1986,18.7
12/25/1986,28.9
12/26/1986,21.6
12/27/1986,20.7
12/28/1986,21.8
12/29/1986,21.9
12/30/1986,35
12/31/1986,26
1/1/1987,20
1/2/1987,33.6
1/3/1987,20.1
1/4/1987,23.5
1/5/1987,23.6
1/6/1987,24.5
1/7/1987,27
1/8/1987,17
1/9/1987,18.9
1/10/1987,21.8
1/11/1987,27.5
1/12/1987,22.8
1/13/1987,26.5
1/14/1987,22.7
1/15/1987,22.5
1/16/1987,37.8
1/17/1987,22
1/18/1987,27.6
1/19/1987,21.2
1/20/1987,22.6
1/21/1987,18.7
1/22/1987,17.5
1/23/1987,17.7
1/24/1987,30.3
1/25/1987,25.6
1/26/1987,32.7
1/27/1987,22.9
1/28/1987,21
1/29/1987,22.5
1/30/1987,25.7
1/31/1987,37.8
2/1/1987,21.3
2/2/1987,38.7
2/3/1987,21.5
2/4/1987,18.8
2/5/1987,21.7
2/6/1987,30.6
2/7/1987,40
2/8/1987,20.8
2/9/1987,23.7
2/10/1987,22
2/11/1987,20.5
2/12/1987,23.3
2/13/1987,34.2
2/14/1987,36.7
2/15/1987,21.3
2/16/1987,28.7
2/17/1987,27.6
2/18/1987,28.8
2/19/1987,37
2/20/1987,21.7
2/21/1987,22.7
2/22/1987,18.5
2/23/1987,25.4
2/24/1987,28.7
2/25/1987,18.4
2/26/1987,24.3
2/27/1987,33
2/28/1987,16.5
3/1/1987,18
3/2/1987,22.1
3/3/1987,24.3
3/4/1987,24.7
3/5/1987,30.1
3/6/1987,22.7
3/7/1987,22.9
3/8/1987,16.4
3/9/1987,16.2
3/10/1987,19
3/11/1987,27
3/12/1987,21.7
3/13/1987,16.7
3/14/1987,17.7
3/15/1987,21.6
3/16/1987,33.8
3/17/1987,31.8
3/18/1987,32
3/19/1987,17.6
3/20/1987,20.2
3/21/1987,17.3
3/22/1987,17
3/23/1987,15.6
3/24/1987,17.1
3/25/1987,21.9
3/26/1987,20.1
3/27/1987,29.7
3/28/1987,20.7
3/29/1987,16.5
3/30/1987,15.8
3/31/1987,17.4
4/1/1987,19.4
4/2/1987,21.1
4/3/1987,19.9
4/4/1987,28.6
4/5/1987,29.7
4/6/1987,29.7
4/7/1987,19.9
4/8/1987,17.4
4/9/1987,18.6
4/10/1987,23
4/11/1987,25.1
4/12/1987,26.6
4/13/1987,19
4/14/1987,21.2
4/15/1987,16.5
4/16/1987,17.5
4/17/1987,18.2
4/18/1987,24
4/19/1987,22.8
4/20/1987,15.1
4/21/1987,16.1
4/22/1987,15.8
4/23/1987,17
4/24/1987,19.7
4/25/1987,24.9
4/26/1987,26.9
4/27/1987,27.9
4/28/1987,18.5
4/29/1987,17
4/30/1987,16.4
5/1/1987,20.8
5/2/1987,16.7
5/3/1987,15.8
5/4/1987,18.5
5/5/1987,16.5
5/6/1987,16.6
5/7/1987,17.4
5/8/1987,21.7
5/9/1987,22.7
5/10/1987,23.3
5/11/1987,22.5
5/12/1987,21.9
5/13/1987,17.9
5/14/1987,20.1
5/15/1987,16
5/16/1987,16.6
5/17/1987,15.6
5/18/1987,15.2
5/19/1987,14.3
5/20/1987,15
5/21/1987,14.5
5/22/1987,16.9
5/23/1987,18.3
5/24/1987,18
5/25/1987,13.5
5/26/1987,13.7
5/27/1987,10.9
5/28/1987,13.6
5/29/1987,15.2
5/30/1987,14.1
5/31/1987,13.2
6/1/1987,13.8
6/2/1987,14.6
6/3/1987,16.2
6/4/1987,14.5
6/5/1987,14.3
6/6/1987,15.6
6/7/1987,15.9
6/8/1987,19.3
6/9/1987,16
6/10/1987,20.3
6/11/1987,15.8
6/12/1987,16.2
6/13/1987,12.8
6/14/1987,15
6/15/1987,13.4
6/16/1987,13.2
6/17/1987,13.8
6/18/1987,15.7
6/19/1987,16.2
6/20/1987,14.9
6/21/1987,18.3
6/22/1987,15.3
6/23/1987,15.2
6/24/1987,14.2
6/25/1987,12
6/26/1987,13.7
6/27/1987,13.8
6/28/1987,12.3
6/29/1987,12.8
6/30/1987,13.1
7/1/1987,14.5
7/2/1987,14
7/3/1987,13.3
7/4/1987,15.7
7/5/1987,16
7/6/1987,16.2
7/7/1987,18
7/8/1987,16.3
7/9/1987,15.8
7/10/1987,13.3
7/11/1987,13.7
7/12/1987,11.5
7/13/1987,13.7
7/14/1987,12.3
7/15/1987,12.6
7/16/1987,12.7
7/17/1987,14.8
7/18/1987,14.9
7/19/1987,12
7/20/1987,12.8
7/21/1987,12.4
7/22/1987,13
7/23/1987,13.1
7/24/1987,12.9
7/25/1987,13.8
7/26/1987,15.2
7/27/1987,13.1
7/28/1987,11.1
7/29/1987,10.8
7/30/1987,13.1
7/31/1987,15
8/1/1987,15.7
8/2/1987,16.4
8/3/1987,14.1
8/4/1987,15.5
8/5/1987,14.8
8/6/1987,13.9
8/7/1987,15.4
8/8/1987,14.8
8/9/1987,10.9
8/10/1987,12.9
8/11/1987,12.8
8/12/1987,18.6
8/13/1987,14.6
8/14/1987,18
8/15/1987,18.5
8/16/1987,11.8
8/17/1987,13.3
8/18/1987,14.5
8/19/1987,14
8/20/1987,13.3
8/21/1987,15
8/22/1987,18.4
8/23/1987,13.6
8/24/1987,15.3
8/25/1987,16.1
8/26/1987,19
8/27/1987,15.5
8/28/1987,16.2
8/29/1987,14.9
8/30/1987,17.9
8/31/1987,10.1
9/1/1987,12.1
9/2/1987,13.1
9/3/1987,12.9
9/4/1987,15.4
9/5/1987,15.6
9/6/1987,14
9/7/1987,14.2
9/8/1987,17.4
9/9/1987,14
9/10/1987,13.6
9/11/1987,15.7
9/12/1987,14
9/13/1987,15
9/14/1987,16.4
9/15/1987,15.1
9/16/1987,17.1
9/17/1987,18.9
9/18/1987,23.8
9/19/1987,25.9
9/20/1987,15
9/21/1987,17
9/22/1987,19
9/23/1987,26.5
9/24/1987,26.9
9/25/1987,23.7
9/26/1987,30.7
9/27/1987,29.6
9/28/1987,25.9
9/29/1987,20.2
9/30/1987,14.8
10/1/1987,13.9
10/2/1987,15.7
10/3/1987,22.8
10/4/1987,18.7
10/5/1987,17
10/6/1987,19
10/7/1987,14.1
10/8/1987,17.6
10/9/1987,19
10/10/1987,15.8
10/11/1987,12.9
10/12/1987,14.5
10/13/1987,15.9
10/14/1987,21.9
10/15/1987,24.1
10/16/1987,19.4
10/17/1987,15.4
10/18/1987,17.6
10/19/1987,20.5
10/20/1987,19.4
10/21/1987,18
10/22/1987,16.8
10/23/1987,15.8
10/24/1987,16
10/25/1987,22.1
10/26/1987,26.8
10/27/1987,26.3
10/28/1987,17.5
10/29/1987,19
10/30/1987,30.3
10/31/1987,32.7
11/1/1987,35
11/2/1987,36.1
11/3/1987,18.1
11/4/1987,18.1
11/5/1987,16.8
11/6/1987,18.6
11/7/1987,20.5
11/8/1987,27.8
11/9/1987,18.8
11/10/1987,16.8
11/11/1987,17.2
11/12/1987,19.6
11/13/1987,18.8
11/14/1987,18.5
11/15/1987,19.8
11/16/1987,30.5
11/17/1987,28.3
11/18/1987,32.6
11/19/1987,30.1
11/20/1987,19.8
11/21/1987,19.9
11/22/1987,23.8
11/23/1987,24.3
11/24/1987,17.4
11/25/1987,18.2
11/26/1987,18.4
11/27/1987,16.9
11/28/1987,24
11/29/1987,32.8
11/30/1987,18.9
12/1/1987,15.5
12/2/1987,16
12/3/1987,16.6
12/4/1987,20.8
12/5/1987,19.6
12/6/1987,18.5
12/7/1987,17.6
12/8/1987,20.8
12/9/1987,21.5
12/10/1987,25
12/11/1987,21.2
12/12/1987,22.6
12/13/1987,25.6
12/14/1987,25.1
12/15/1987,32.5
12/16/1987,27.8
12/17/1987,21.5
12/18/1987,20.7
12/19/1987,19.9
12/20/1987,18.4
12/21/1987,22.3
12/22/1987,24.6
12/23/1987,25.6
12/24/1987,19
12/25/1987,18.7
12/26/1987,29.2
12/27/1987,31.8
12/28/1987,18.4
12/29/1987,19.2
12/30/1987,30.8
12/31/1987,32.2
1/1/1988,22
1/2/1988,21.4
1/3/1988,20
1/4/1988,20.6
1/5/1988,22.2
1/6/1988,30
1/7/1988,40.4
1/8/1988,26.3
1/9/1988,39
1/10/1988,30.6
1/11/1988,39.2
1/12/1988,37.8
1/13/1988,28.8
1/14/1988,30.8
1/15/1988,38.7
1/16/1988,25.2
1/17/1988,20.6
1/18/1988,21
1/19/1988,25.6
1/20/1988,36.2
1/21/1988,24.9
1/22/1988,26.2
1/23/1988,20
1/24/1988,19.7
1/25/1988,20.3
1/26/1988,25.1
1/27/1988,29.1
1/28/1988,37.5
1/29/1988,39.2
1/30/1988,33.7
1/31/1988,19.5
2/1/1988,19.9
2/2/1988,21
2/3/1988,20.3
2/4/1988,22.6
2/5/1988,32.9
2/6/1988,21.3
2/7/1988,19.5
2/8/1988,19.2
2/9/1988,22
2/10/1988,27.2
2/11/1988,32.2
2/12/1988,25.4
2/13/1988,25
2/14/1988,25.2
2/15/1988,26.7
2/16/1988,25.3
2/17/1988,29.9
2/18/1988,27.6
2/19/1988,20.6
2/20/1988,21
2/21/1988,21.6
2/22/1988,24
2/23/1988,23.8
2/24/1988,21.9
2/25/1988,29.4
2/26/1988,37.4
2/27/1988,21.5
2/28/1988,21.1
2/29/1988,21
3/1/1988,36.3
3/2/1988,28.7
3/3/1988,19.4
3/4/1988,20.3
3/5/1988,20.8
3/6/1988,30.5
3/7/1988,30.3
3/8/1988,23.4
3/9/1988,25.7
3/10/1988,15.7
3/11/1988,19.3
3/12/1988,18.8
3/13/1988,17
3/14/1988,17.6
3/15/1988,18.5
3/16/1988,21
3/17/1988,26.9
3/18/1988,30.6
3/19/1988,32.7
3/20/1988,29.2
3/21/1988,25.8
3/22/1988,28.2
3/23/1988,24.7
3/24/1988,30.6
3/25/1988,30.6
3/26/1988,29
3/27/1988,26.5
3/28/1988,25.5
3/29/1988,24.9
3/30/1988,20.9
3/31/1988,23.4
4/1/1988,18.1
4/2/1988,20.7
4/3/1988,20.3
4/4/1988,21.1
4/5/1988,19.5
4/6/1988,20.4
4/7/1988,17.3
4/8/1988,18.5
4/9/1988,21
4/10/1988,23.5
4/11/1988,25.7
4/12/1988,23.1
4/13/1988,24.8
4/14/1988,22.4
4/15/1988,17.4
4/16/1988,18.3
4/17/1988,26
4/18/1988,25.5
4/19/1988,21.8
4/20/1988,21.2
4/21/1988,25.2
4/22/1988,21.7
4/23/1988,22.6
4/24/1988,24.3
4/25/1988,17
4/26/1988,20.7
4/27/1988,22.7
4/28/1988,25.4
4/29/1988,24.9
4/30/1988,25
5/1/1988,20.5
5/2/1988,20.2
5/3/1988,19.4
5/4/1988,21.4
5/5/1988,25.5
5/6/1988,19.4
5/7/1988,18.8
5/8/1988,17
5/9/1988,15.5
5/10/1988,16.2
5/11/1988,16.7
5/12/1988,20.1
5/13/1988,21.4
5/14/1988,16.4
5/15/1988,17.3
5/16/1988,17
5/17/1988,18.2
5/18/1988,17.5
5/19/1988,14.9
5/20/1988,18
5/21/1988,16.7
5/22/1988,17.1
5/23/1988,16.8
5/24/1988,17.7
5/25/1988,18.4
5/26/1988,18.5
5/27/1988,15.5
5/28/1988,15.4
5/29/1988,17.5
5/30/1988,16.8
5/31/1988,18.9
6/1/1988,19.4
6/2/1988,20.3
6/3/1988,19.3
6/4/1988,17
6/5/1988,16.4
6/6/1988,13.3
6/7/1988,13.6
6/8/1988,14.1
6/9/1988,14.8
6/10/1988,14.1
6/11/1988,17
6/12/1988,16
6/13/1988,16.5
6/14/1988,14.9
6/15/1988,14.4
6/16/1988,13.5
6/17/1988,11.3
6/18/1988,15
6/19/1988,13
6/20/1988,14.9
6/21/1988,14.6
6/22/1988,14.1
6/23/1988,15.5
6/24/1988,14.4
6/25/1988,12
6/26/1988,17.5
6/27/1988,13.3
6/28/1988,14.3
6/29/1988,14
6/30/1988,13.5
7/1/1988,13.3
7/2/1988,12.3
7/3/1988,12.6
7/4/1988,14.1
7/5/1988,16.6
7/6/1988,17.3
7/7/1988,17.1
7/8/1988,16.1
7/9/1988,15
7/10/1988,15.4
7/11/1988,14.6
7/12/1988,14.6
7/13/1988,16.8
7/14/1988,16.5
7/15/1988,15.6
7/16/1988,14.8
7/17/1988,15.2
7/18/1988,15.2
7/19/1988,15
7/20/1988,14.1
7/21/1988,15.5
7/22/1988,12.6
7/23/1988,12.9
7/24/1988,15.1
7/25/1988,13
7/26/1988,15.6
7/27/1988,13.4
7/28/1988,14.4
7/29/1988,14.5
7/30/1988,15.4
7/31/1988,16.7
8/1/1988,16.1
8/2/1988,16.6
8/3/1988,16.5
8/4/1988,13.8
8/5/1988,13.4
8/6/1988,11.9
8/7/1988,10.7
8/8/1988,13.2
8/9/1988,13.1
8/10/1988,12.8
8/11/1988,16.2
8/12/1988,18
8/13/1988,18.9
8/14/1988,18.3
8/15/1988,19.8
8/16/1988,19.3
8/17/1988,16.2
8/18/1988,17.6
8/19/1988,17.5
8/20/1988,13.2
8/21/1988,13.2
8/22/1988,13.4
8/23/1988,14.2
8/24/1988,16.1
8/25/1988,14.2
8/26/1988,14.3
8/27/1988,14.5
8/28/1988,17.1
8/29/1988,18.2
8/30/1988,22.2
8/31/1988,22.4
9/1/1988,15.6
9/2/1988,16.6
9/3/1988,14.5
9/4/1988,17.7
9/5/1988,21
9/6/1988,14.3
9/7/1988,20
9/8/1988,20.2
9/9/1988,19.2
9/10/1988,19.8
9/11/1988,14.8
9/12/1988,14.2
9/13/1988,17.2
9/14/1988,17.2
9/15/1988,22.1
9/16/1988,15.4
9/17/1988,16.1
9/18/1988,14.8
9/19/1988,15.1
9/20/1988,20.2
9/21/1988,22.3
9/22/1988,24.6
9/23/1988,18.4
9/24/1988,18.2
9/25/1988,23.4
9/26/1988,23.8
9/27/1988,20.1
9/28/1988,20.5
9/29/1988,19.5
9/30/1988,18.8
10/1/1988,19.8
10/2/1988,26.2
10/3/1988,21.2
10/4/1988,21.2
10/5/1988,17.3
10/6/1988,20.5
10/7/1988,19.2
10/8/1988,18
10/9/1988,17.7
10/10/1988,23.7
10/11/1988,16.9
10/12/1988,23.2
10/13/1988,22.3
10/14/1988,18.7
10/15/1988,24
10/16/1988,16.4
10/17/1988,18.8
10/18/1988,19
10/19/1988,26.7
10/20/1988,19.3
10/21/1988,19.5
10/22/1988,21.2
10/23/1988,17
10/24/1988,24.4
10/25/1988,29
10/26/1988,19.2
10/27/1988,24.6
10/28/1988,23.4
10/29/1988,22.6
10/30/1988,21.1
10/31/1988,29.1
11/1/1988,36.1
11/2/1988,23.1
11/3/1988,16.5
11/4/1988,16.2
11/5/1988,21.3
11/6/1988,25.4
11/7/1988,26.4
11/8/1988,21.1
11/9/1988,21.1
11/10/1988,19.7
11/11/1988,31.2
11/12/1988,34.5
11/13/1988,22.9
11/14/1988,13.5
11/15/1988,16.2
11/16/1988,15.3
11/17/1988,19.2
11/18/1988,29.4
11/19/1988,27.7
11/20/1988,19.6
11/21/1988,16.8
11/22/1988,19.9
11/23/1988,20.4
11/24/1988,18.3
11/25/1988,16.7
11/26/1988,16.9
11/27/1988,18.9
11/28/1988,17.6
11/29/1988,18.6
11/30/1988,21.4
12/1/1988,28.7
12/2/1988,28
12/3/1988,22.8
12/4/1988,17.2
12/5/1988,18.7
12/6/1988,19.9
12/7/1988,23
12/8/1988,30.8
12/9/1988,31.7
12/10/1988,20.8
12/11/1988,20.8
12/12/1988,25.2
12/13/1988,31.3
12/14/1988,32.1
12/15/1988,34.3
12/16/1988,33.7
12/17/1988,28.6
12/18/1988,19.2
12/19/1988,20.9
12/20/1988,21.1
12/21/1988,26.1
12/22/1988,26.4
12/23/1988,36.8
12/24/1988,26.3
12/25/1988,17.9
12/26/1988,21.3
12/27/1988,19.5
12/28/1988,20.1
12/29/1988,21.7
12/30/1988,19.5
1/1/1989,24.8
1/2/1989,30.2
1/3/1989,31.6
1/4/1989,19
1/5/1989,21.3
1/6/1989,20.6
1/7/1989,22.8
1/8/1989,33.2
1/9/1989,24.7
1/10/1989,21.3
1/11/1989,17.9
1/12/1989,18.7
1/13/1989,25.3
1/14/1989,31
1/15/1989,33.2
1/16/1989,31
1/17/1989,18.2
1/18/1989,19.1
1/19/1989,22.2
1/20/1989,20.3
1/21/1989,19.8
1/22/1989,18.3
1/23/1989,27.5
1/24/1989,29.8
1/25/1989,31
1/26/1989,32.9
1/27/1989,35.5
1/28/1989,36
1/29/1989,36.6
1/30/1989,21.7
1/31/1989,19.8
2/1/1989,26.7
2/2/1989,22.9
2/3/1989,19.8
2/4/1989,24.9
2/5/1989,24.8
2/6/1989,28.8
2/7/1989,32.7
2/8/1989,33.7
2/9/1989,24.7
2/10/1989,21.6
2/11/1989,26.2
2/12/1989,33.4
2/13/1989,22.9
2/14/1989,31.2
2/15/1989,23.1
2/16/1989,24.4
2/17/1989,30.7
2/18/1989,38.8
2/19/1989,21.5
2/20/1989,20.7
2/21/1989,20.3
2/22/1989,21.3
2/23/1989,30
2/24/1989,37.1
2/25/1989,21.1
2/26/1989,22
2/27/1989,34.4
2/28/1989,33.8
3/1/1989,37.8
3/2/1989,38.4
3/3/1989,32.8
3/4/1989,34.4
3/5/1989,26.4
3/6/1989,27.3
3/7/1989,28
3/8/1989,30.7
3/9/1989,30.7
3/10/1989,23.4
3/11/1989,26.1
3/12/1989,26.1
3/13/1989,21.8
3/14/1989,18.9
3/15/1989,18.5
3/16/1989,17.5
3/17/1989,21.5
3/18/1989,25.1
3/19/1989,21.9
3/20/1989,24.2
3/21/1989,24.2
3/22/1989,27.4
3/23/1989,21.3
3/24/1989,18
3/25/1989,18.7
3/26/1989,20
3/27/1989,20.9
3/28/1989,19.3
3/29/1989,19.3
3/30/1989,22.2
3/31/1989,17.7
4/1/1989,21.9
4/2/1989,25.2
4/3/1989,25.1
4/4/1989,28.5
4/5/1989,27.6
4/6/1989,19.6
4/7/1989,18.5
4/8/1989,19.2
4/9/1989,20.4
4/10/1989,22.8
4/11/1989,23
4/12/1989,20.3
4/13/1989,18
4/14/1989,18
4/15/1989,20.2
4/16/1989,18.1
4/17/1989,19.2
4/18/1989,17.8
4/19/1989,19.8
4/20/1989,20.3
4/21/1989,18.3
4/22/1989,18.3
4/23/1989,20.2
4/24/1989,22
4/25/1989,24.3
4/26/1989,24.7
4/27/1989,25.4
4/28/1989,19.9
4/29/1989,23
4/30/1989,21.8
5/1/1989,19.3
5/2/1989,18.5
5/3/1989,20.6
5/4/1989,17.2
5/5/1989,17.5
5/6/1989,19.1
5/7/1989,18
5/8/1989,18.9
5/9/1989,23.4
5/10/1989,19.3
5/11/1989,19.2
5/12/1989,21.2
5/13/1989,21.5
5/14/1989,17.2
5/15/1989,16.8
5/16/1989,16
5/17/1989,18.9
5/18/1989,20.6
5/19/1989,15.9
5/20/1989,16.7
5/21/1989,18.4
5/22/1989,16.2
5/23/1989,16.2
5/24/1989,15.8
5/25/1989,16.2
5/26/1989,18.3
5/27/1989,18.5
5/28/1989,19.4
5/29/1989,17
5/30/1989,14.6
5/31/1989,11
6/1/1989,12.4
6/2/1989,14
6/3/1989,10.8
6/4/1989,13.1
6/5/1989,15
6/6/1989,13
6/7/1989,17.5
6/8/1989,16
6/9/1989,10.2
6/10/1989,13.7
6/11/1989,15.4
6/12/1989,13.6
6/13/1989,12.9
6/14/1989,14.2
6/15/1989,15
6/16/1989,15.2
6/17/1989,18.2
6/18/1989,12.3
6/19/1989,13.8
6/20/1989,13.9
6/21/1989,14.6
6/22/1989,14.9
6/23/1989,12.6
6/24/1989,11.2
6/25/1989,12.9
6/26/1989,14.1
6/27/1989,12.8
6/28/1989,15.8
6/29/1989,16
6/30/1989,16
7/1/1989,16.6
7/2/1989,16.6
7/3/1989,16
7/4/1989,12.7
7/5/1989,12.3
7/6/1989,11.8
7/7/1989,14.1
7/8/1989,12.6
7/9/1989,12.9
7/10/1989,11.5
7/11/1989,12.9
7/12/1989,11.8
7/13/1989,11.9
7/14/1989,14.2
7/15/1989,12
7/16/1989,11.7
7/17/1989,11.8
7/18/1989,13
7/19/1989,11.4
7/20/1989,11
7/21/1989,12.3
7/22/1989,13.1
7/23/1989,11.4
7/24/1989,16
7/25/1989,15.3
7/26/1989,13.2
7/27/1989,15.9
7/28/1989,16
7/29/1989,19.6
7/30/1989,15.2
7/31/1989,10.6
8/1/1989,14.8
8/2/1989,15.8
8/3/1989,14.1
8/4/1989,14.4
8/5/1989,10.7
8/6/1989,13.2
8/7/1989,13
8/8/1989,13.2
8/9/1989,16
8/10/1989,13.2
8/11/1989,11.8
8/12/1989,11.6
8/13/1989,13.4
8/14/1989,15.2
8/15/1989,15.5
8/16/1989,13.5
8/17/1989,14
8/18/1989,18.5
8/19/1989,14.9
8/20/1989,13.9
8/21/1989,15.9
8/22/1989,11.3
8/23/1989,12.2
8/24/1989,13.8
8/25/1989,13.8
8/26/1989,11.3
8/27/1989,13
8/28/1989,13.6
8/29/1989,13.2
8/30/1989,16
8/31/1989,17.2
9/1/1989,14.7
9/2/1989,15.5
9/3/1989,15.2
9/4/1989,16
9/5/1989,16.6
9/6/1989,17.8
9/7/1989,19.8
9/8/1989,20.6
9/9/1989,19
9/10/1989,19.5
9/11/1989,12.6
9/12/1989,14.3
9/13/1989,14.9
9/14/1989,13.7
9/15/1989,14.2
9/16/1989,18.4
9/17/1989,15.4
9/18/1989,18.7
9/19/1989,16.9
9/20/1989,16.5
9/21/1989,20
9/22/1989,17.2
9/23/1989,15.8
9/24/1989,20
9/25/1989,14.3
9/26/1989,14.2
9/27/1989,14.7
9/28/1989,22.4
9/29/1989,25.3
9/30/1989,21.5
10/1/1989,15
10/2/1989,13.8
10/3/1989,15.6
10/4/1989,22.8
10/5/1989,18
10/6/1989,16.6
10/7/1989,20
10/8/1989,17.5
10/9/1989,18.1
10/10/1989,17.1
10/11/1989,18.4
10/12/1989,18.8
10/13/1989,21.8
10/14/1989,19.7
10/15/1989,26.1
10/16/1989,18.7
10/17/1989,20.8
10/18/1989,29.7
10/19/1989,21
10/20/1989,17.3
10/21/1989,16.8
10/22/1989,19.4
10/23/1989,16.8
10/24/1989,21.1
10/25/1989,20.4
10/26/1989,26.1
10/27/1989,15
10/28/1989,17
10/29/1989,24
10/30/1989,22.5
10/31/1989,16.3
11/1/1989,17.9
11/2/1989,17.7
11/3/1989,18.4
11/4/1989,25.6
11/5/1989,28.3
11/6/1989,15.1
11/7/1989,16.8
11/8/1989,19.6
11/9/1989,15.8
11/10/1989,16.9
11/11/1989,17.8
11/12/1989,18.2
11/13/1989,19.2
11/14/1989,19
11/15/1989,18.4
11/16/1989,22
11/17/1989,16.4
11/18/1989,16.7
11/19/1989,17.4
11/20/1989,20.6
11/21/1989,30.4
11/22/1989,30.3
11/23/1989,35.5
11/24/1989,18.8
11/25/1989,24.7
11/26/1989,27.3
11/27/1989,29.4
11/28/1989,32.5
11/29/1989,33.9
11/30/1989,25
12/1/1989,33.6
12/2/1989,25.7
12/3/1989,19
12/4/1989,18.4
12/5/1989,22.1
12/6/1989,25.2
12/7/1989,23.9
12/8/1989,28.7
12/9/1989,31.1
12/10/1989,29.1
12/11/1989,25.6
12/12/1989,23.2
12/13/1989,19
12/14/1989,17.1
12/15/1989,18
12/16/1989,20
12/17/1989,32.9
12/18/1989,32.1
12/19/1989,25.2
12/20/1989,18.5
12/21/1989,18.9
12/22/1989,20.8
12/23/1989,23.7
12/24/1989,28
12/25/1989,35.2
12/26/1989,23.2
12/27/1989,18
12/28/1989,19.8
12/29/1989,31.9
12/30/1989,21.5
12/31/1989,33
1/1/1990,21.6
1/2/1990,31.2
1/3/1990,36.6
1/4/1990,19.6
1/5/1990,23.1
1/6/1990,21.9
1/7/1990,21.1
1/8/1990,27.6
1/9/1990,27.3
1/10/1990,30.1
1/11/1990,33.5
1/12/1990,24.2
1/13/1990,21.4
1/14/1990,20.4
1/15/1990,20.3
1/16/1990,18.5
1/17/1990,29.5
1/18/1990,25.4
1/19/1990,25.2
1/20/1990,21.6
1/21/1990,21.8
1/22/1990,25.4
1/23/1990,36.6
1/24/1990,36.6
1/25/1990,28.7
1/26/1990,27.2
1/27/1990,25.5
1/28/1990,23.6
1/29/1990,25.6
1/30/1990,35.9
1/31/1990,19.1
2/1/1990,15
2/2/1990,20.7
2/3/1990,21.9
2/4/1990,18.2
2/5/1990,21.9
2/6/1990,25.3
2/7/1990,29.6
2/8/1990,29.9
2/9/1990,24.4
2/10/1990,20.2
2/11/1990,23.5
2/12/1990,26
2/13/1990,25.9
2/14/1990,27.4
2/15/1990,31.5
2/16/1990,35.8
2/17/1990,23.9
2/18/1990,27.8
2/19/1990,26
2/20/1990,31.1
2/21/1990,35.2
2/22/1990,27.8
2/23/1990,21.3
2/24/1990,21.5
2/25/1990,23
2/26/1990,24.4
2/27/1990,27.4
2/28/1990,23.8
3/1/1990,25.2
3/2/1990,28.5
3/3/1990,25.3
3/4/1990,25.6
3/5/1990,24.1
3/6/1990,19.3
3/7/1990,22.7
3/8/1990,31.2
3/9/1990,25.8
3/10/1990,21.5
3/11/1990,20.3
3/12/1990,18.9
3/13/1990,25.2
3/14/1990,26.8
3/15/1990,19.2
3/16/1990,21.5
3/17/1990,30.8
3/18/1990,18.6
3/19/1990,19.8
3/20/1990,21.3
3/21/1990,21.3
3/22/1990,29.9
3/23/1990,32
3/24/1990,32.4
3/25/1990,32.5
3/26/1990,32.6
3/27/1990,31.5
3/28/1990,21
3/29/1990,20.6
3/30/1990,19.7
3/31/1990,19.7
4/1/1990,20.1
4/2/1990,17.8
4/3/1990,22.1
4/4/1990,28.8
4/5/1990,26.8
4/6/1990,27.1
4/7/1990,19.4
4/8/1990,19.1
4/9/1990,22.5
4/10/1990,26
4/11/1990,22.2
4/12/1990,28.4
4/13/1990,25.2
4/14/1990,20.9
4/15/1990,17.6
4/16/1990,17.2
4/17/1990,17.2
4/18/1990,18.7
4/19/1990,18.6
4/20/1990,21.8
4/21/1990,16.7
4/22/1990,17.9
4/23/1990,20.8
4/24/1990,21.2
4/25/1990,17.5
4/26/1990,16.6
4/27/1990,17.5
4/28/1990,18.1
4/29/1990,18.5
4/30/1990,19.8
5/1/1990,23
5/2/1990,21.2
5/3/1990,21.2
5/4/1990,23.1
5/5/1990,20.2
5/6/1990,18.1
5/7/1990,16.2
5/8/1990,18.7
5/9/1990,21.2
5/10/1990,19.3
5/11/1990,21.8
5/12/1990,19.9
5/13/1990,13.6
5/14/1990,14.7
5/15/1990,18
5/16/1990,19.3
5/17/1990,17.7
5/18/1990,14.6
5/19/1990,14.5
5/20/1990,14.4
5/21/1990,15.4
5/22/1990,14.5
5/23/1990,16.2
5/24/1990,14.2
5/25/1990,13.2
5/26/1990,15.2
5/27/1990,17.4
5/28/1990,13.7
5/29/1990,16.8
5/30/1990,17.7
5/31/1990,16.2
6/1/1990,13.2
6/2/1990,16.3
6/3/1990,16.3
6/4/1990,14.6
6/5/1990,13.9
6/6/1990,16
6/7/1990,18.4
6/8/1990,19
6/9/1990,17.4
6/10/1990,16.2
6/11/1990,16.3
6/12/1990,16.8
6/13/1990,14.6
6/14/1990,14.2
6/15/1990,13.3
6/16/1990,14
6/17/1990,11.7
6/18/1990,12.9
6/19/1990,12.7
6/20/1990,14.6
6/21/1990,15.1
6/22/1990,16.1
6/23/1990,16.2
6/24/1990,13
6/25/1990,12.4
6/26/1990,12.6
6/27/1990,9.7
6/28/1990,11.8
6/29/1990,15.8
6/30/1990,13.6
7/1/1990,8.9
7/2/1990,12.2
7/3/1990,13.2
7/4/1990,15.2
7/5/1990,12.6
7/6/1990,12.9
7/7/1990,15.9
7/8/1990,15.4
7/9/1990,15
7/10/1990,14.2
7/11/1990,15.7
7/12/1990,14.4
7/13/1990,14.7
7/14/1990,14.5
7/15/1990,15.5
7/16/1990,19.2
7/17/1990,18.2
7/18/1990,13.9
7/19/1990,15
7/20/1990,15.8
7/21/1990,15.7
7/22/1990,15.6
7/23/1990,17.7
7/24/1990,18.8
7/25/1990,15.2
7/26/1990,14.5
7/27/1990,13.5
7/28/1990,13.4
7/29/1990,12.4
7/30/1990,15.5
7/31/1990,13.2
8/1/1990,14
8/2/1990,14.1
8/3/1990,15.1
8/4/1990,17.2
8/5/1990,15.1
8/6/1990,14.5
8/7/1990,13.6
8/8/1990,13.1
8/9/1990,13.1
8/10/1990,13.3
8/11/1990,14.8
8/12/1990,15
8/13/1990,16.4
8/14/1990,15.3
8/15/1990,13.8
8/16/1990,13.5
8/17/1990,12.7
8/18/1990,13.1
8/19/1990,15.8
8/20/1990,16
8/21/1990,14.4
8/22/1990,11.9
8/23/1990,13.2
8/24/1990,12
8/25/1990,11.6
8/26/1990,12.1
8/27/1990,17.3
8/28/1990,17
8/29/1990,14.7
8/30/1990,17.8
8/31/1990,13.7
9/1/1990,16.6
9/2/1990,14.5
9/3/1990,13.6
9/4/1990,15.8
9/5/1990,16.4
9/6/1990,16.8
9/7/1990,14.6
9/8/1990,15.7
9/9/1990,19.7
9/10/1990,20.7
9/11/1990,18.6
9/12/1990,13.7
9/13/1990,11.9
9/14/1990,14
9/15/1990,14.6
9/16/1990,13.4
9/17/1990,16.6
9/18/1990,21
9/19/1990,23.2
9/20/1990,23.9
9/21/1990,17.8
9/22/1990,16.2
9/23/1990,22.1
9/24/1990,24.3
9/25/1990,19
9/26/1990,16.5
9/27/1990,17.1
9/28/1990,17.3
9/29/1990,16.8
9/30/1990,21.7
10/1/1990,20.1
10/2/1990,15
10/3/1990,14.8
10/4/1990,19.8
10/5/1990,24
10/6/1990,14
10/7/1990,15.3
10/8/1990,14.8
10/9/1990,16.8
10/10/1990,20.8
10/11/1990,12.9
10/12/1990,14.3
10/13/1990,18.9
10/14/1990,22.6
10/15/1990,24.7
10/16/1990,19.6
10/17/1990,20.2
10/18/1990,23.9
10/19/1990,15.1
10/20/1990,17.1
10/21/1990,15.3
10/22/1990,16
10/23/1990,16.8
10/24/1990,19.8
10/25/1990,27.2
10/26/1990,29.1
10/27/1990,31.4
10/28/1990,33.2
10/29/1990,33.7
10/30/1990,19.6
10/31/1990,31.8
11/1/1990,22.4
11/2/1990,21.4
11/3/1990,22
11/4/1990,21.6
11/5/1990,30.7
11/6/1990,30.2
11/7/1990,32.6
11/8/1990,26.6
11/9/1990,22
11/10/1990,16.3
11/11/1990,17.2
11/12/1990,25.5
11/13/1990,32.1
11/14/1990,18.4
11/15/1990,21
11/16/1990,16.8
11/17/1990,15.6
11/18/1990,18.5
11/19/1990,21.5
11/20/1990,28.1
11/21/1990,31.4
11/22/1990,20.9
11/23/1990,18.7
11/24/1990,19.9
11/25/1990,21.9
11/26/1990,19.1
11/27/1990,28.5
11/28/1990,26.2
11/29/1990,20.1
11/30/1990,19.9
12/1/1990,22.2
12/2/1990,31.4
12/3/1990,24.1
12/4/1990,35.2
12/5/1990,36.9
12/6/1990,33.2
12/7/1990,35.7
12/8/1990,21.1
12/9/1990,21.6
12/10/1990,18.6
12/11/1990,18.8
12/12/1990,18.7
12/13/1990,21.6
12/14/1990,22.4
12/15/1990,20.9
12/16/1990,23.3
12/17/1990,34.4
12/18/1990,20.7
12/19/1990,24.2
12/20/1990,22.2
12/21/1990,23.5
12/22/1990,30.3
12/23/1990,19.8
12/24/1990,23.3
12/25/1990,29.3
12/26/1990,20.9
12/27/1990,37.6
12/28/1990,23.2
12/29/1990,25.1
12/30/1990,24.4
12/31/1990,24.6
